1000ccTurbo|1000ccTurbo
1000Miglia|1000Miglia
1869|1869
1869|1869AGA
1869|1869AGADe
1869|1869De
1869|1869Pl
1942(demo)|
1943|1943
194X|194XRTG
3DGalax|3DGalax
3DPool|3DPool
9Lives|9Lives
Aaargh!|Aaargh!
Aaargh!|Aaargh!Arcadia
AbbayedesMorts|AbbayedesMortsRTG
Acsys(demo)|ACSYSDemoAGA
ActionFighter|ActionFighter
AddamsFamily|AddamsFamily
AdvancedSkiSimulator|AdvancedSkiSimulator
AdventuresofRobinHood|AdventuresOfRobinHood
Afterburner88|AfterBurner
Afterburner88|AfterBurnerNTSC
Afterburner89|AfterBurner
Afterburner89|AfterBurnerNTSC
Agony|Agony
Agony|AgonyDemo
Agony|AgonyNTSC
Airball|Airball
Aladdin|AladdinAGA
AlfredChicken|AlfredChicken
AlfredChickenAGA|AlfredChickenAGA
AlfredChickenAGA|AlfredChickenCD32
Alien3|Alien3
AlienBash|AlienBash
AlienBash2|AlienBash2
AlienBreed|AlienBreed
AlienBreed2|AlienBreed2
AlienBreed2AGA|AlienBreed2AGA
AlienBreed3D|AlienBreed3DAGA
AlienBreed3D|AlienBreed3DCD32
AlienBreed3D|AlienBreed3DDemoLatest
AlienBreed3D|AlienBreed3DDemoPlayAGA
AlienBreed3D|AlienBreed3DDemoRollAGA
AlienBreed3D|AlienBreed3DNoMusicAGA
AlienBreed3D|AlienBreed3DNoMusicCD32
AlienBreed3D2|AlienBreed3D2AGA
AlienBreed3D2Karlos|AlienBreed3D2AGA
AlienBreedSE|AlienBreedSpecialEdition
AlienBreedTowerAssault|AlienBreedTA
AlienBreedTowerAssault|AlienBreedTAAGA
AlienBreedTowerAssault|AlienBreedTACD32
AlienFishFinger|AlienFishFinger
AlienWorld|AlienWorld
AlloAllo|AlloAllo
AllTerrainRacing|AllTerrainRacing
AllTerrainRacingXmas|AllTerrainRacingXmasDemo
Ambermoon|Ambermoon
Ambermoon|AmbermoonDe
Amegas|Amegas
Amijeweled|AmijeweledRTG
Amnios|Amnios
AnotherWorld|AnotherWorld
AnotherWorld|AnotherWorldFr
AnotherWorld|AnotherWorldIt
Antago|Antago
Apache|Apache&OverdriveDemo
Apache|ApacheFlight
ApanoSin|ApanoSin
ApanoSin|ApanoSinDe
APB|APBFiles
APB|APBImage
Apidya|ApidyaAudios
Apidya|ApidyaKaiko
Apocalypse|Apocalypse
Aquanaut|AquanautF1Licenceware
Aquaventura|Aquaventura
Aquaventura|AquaventuraNTSC
ArabianNights|ArabianNights
ArabianNights|ArabianNights512k
ArabianNights|ArabianNightsCD32
ArcadePool|ArcadePool
ArcadePoolAGA|ArcadePoolAGA
ArcadePoolAGA|ArcadePoolCD32
ArcadeSnooker|ArcadeSnookerAGA
ArcadeTriviaQuiz|ArcadeTriviaQuiz
ArcherMacleansPool|ArcherMacLeansBillardAmcn
ArcherMacleansPool|ArcherMacLeansPool
Archipelagos|Archipelagos
Archipelagos|ArchipelagosNTSC
Arkanoid|Arkanoid
Arkanoid|ArkanoidNTSC
ArkanoidII|ArkanoidRevengeOfDoh
ArmageddonMan|ArmageddonMan
Armalyte|Armalyte
ArmyMoves|ArmyMoves
Artkanoid|ArkanoidRTG
AssassinSE|AssassinSpecialEdition
AstroMarineCorps|AstroMarineCorps
ATF2|ATF2
Atomino|Atomino
Atomino|AtominoDe
Atomino|AtominoNTSC
Atomix|Atomix
Awesome|Awesome
Awesome|AwesomeDemo
Baal|Baal
BabylonTwins(demo)|BabylonianTwinsDemo
Backlash|Backlash
BacktotheFuture2|BackToTheFuturePart2
BacktotheFuture3|BackToTheFuturePart3
BacktotheFuture3|BackToTheFuturePart3NTSC
Banshee|Banshee
Banshee|BansheeAGA
Banshee|BansheeCD32
Barbarian(Palace)|BarbarianPalace
Barbarian(Psygnosis)|BarbarianPsygnosis
Barbarian2(Palace)|Barbarian2Palace
Barbarian2(Psygnosis)|Barbarian2Psygnosis
BargonAttack|BargonAttack
BargonAttack|BargonAttackFr
BartvstheWorld|BartVsTheWorld
BAT|BATDe
BAT|BATFr
BAT|BATIt
BAT2|BAT2
BAT2|BAT2De
BAT2|BAT2Fr
BatmanCapedCrusader|BatmanCapedCrusader
BatmantheMovie|BatmanTheMovie1Disk
BatmantheMovie|BatmanTheMovie2Disk
BattleChess|BattleChess
BattleChess|BattleChessCD32
BattleChess|BattleChessCDTV
BattleChess2|BattleChess2
BattleIsle|BattleIsle
BattleIsle|BattleIsle&DataDisks
BattleSquadron|BattleSquadron
BattleSquadron|BattleSquadronDemo
BattleSquadron|BattleSquadronNTSC
BattleStorm|BattlestormCDTV
BattleStorm|BattlestormNTSC
BattleToads|Battletoads
BattleToads|BattletoadsCD32
BattleValley|BattleValley
BCKid|BCKid
BeachValley|BeachVolley
Beavers|Beavers
BeneathaSteelSky|BeneathAStlSky
BeneathaSteelSky|BeneathAStlSkyCD32
BeneathaSteelSky|BeneathAStlSkyCD32NoVoice
BeneathaSteelSky|BeneathAStlSkyDe
BeneathaSteelSky|BeneathAStlSkyFr
BeneathaSteelSky|BeneathAStlSkyIt
BeneathaSteelSky|BeneathAStlSkySe
Benefactor|Benefactor
Benefactor|BenefactorCD32
BestoftheBest|BestOfTheBest
BetterDeadthanAlien|BetterDeadThanAlien
BetterDeadthanAlien|BetterDeadThanAlienNTSC
BeveryHillsCop|BeverlyHillsCop
BigRun|BigRun
BioChallenge|BioChallenge
BiplaneDuel2|BiplaneDuel
BirdsofPrey|BirdsOfPrey
BlackLamp|BlackLamp
BlackViper|BlackViper
BlackViperAGA|BlackViperAGA
BlackViperAGA|BlackViperCD32
Blastar|Blastar
Blob|Blob
Blobz|BlobzAGA
Blood|BloodNet
Blood|BloodNetAGA
BloodMoney|BloodMoney
BlueAngel69|BlueAngel69
BluesBrothers|BluesBrothers
BMXSimulator|BMXSimulator
Bobo|Bobo
Bobo|BoboFr
BobsBadDay|BobsBadDay
BodyBlows|BodyBlows
BodyBlows|BodyBlowsFast
BodyBlowsAGA|BodyBlowsAGA
BodyBlowsGalactic|BodyBlowsGalacticAGA
BodyBlowsGalactic|BodyBlowsGalactic~
BombJack|BombJack
BombJackBeerEd|BombJackBeerEdition
Bombuzal|Bombuzal
BoulderdashConstrKit|BoulderDashConstrKit
Boum|BoumRTG
BrainMan|BrainMan
Brat|Brat
Breathless|BreathlessAGA060
Breathless|BreathlessDemoAGA
BriantheLion|BrianTheLion
BriantheLionAGA|BrianTheLionAGA
BridesofDracula|BridesOfDracula
BrutalFootball|BrutalFootball
BrutalFootball|BrutalFootballAGA
BrutalFootball|BrutalFootballCD32
BubbanStix|BubbaNStix
BubbanStix|BubbaNStixCD32
BubbleandSqueak|BubbleAndSqueak
BubbleandSqueakAGA|BubbleAndSqueakAGA
BubbleandSqueakAGA|BubbleAndSqueakCD32
BubbleBobble|BubbleBobble
BubbleBobble|BubbleBobbleNTSC
BubbleHeroes|BubbleHeroesRTG
BuffaloBillsWildWest|BuffaloBillsWildWestShow
BugBash|BugBash
BuggyBoy|BuggyBoy
BumpnBurn|BumpNBurn
BumpnBurn|BumpNBurnCD32
BurningRubber|BurningRubber
BurningRubber|BurningRubberAGA
Cabal|Cabal
CabaretAsteroids|CabaretAsteroids
CabaretAsteroids|CabaretAsteroidsRepacked
Cadaver|Cadaver
Cadaver|Cadaver&ThePayoff
CadaverDemos|CadaverDemos
CadaverthePayoff|Cadaver&ThePayoff
CaliforniaGames|CaliforniaGames
CaliforniaGames2|CaliforniaGames2
Cannonball|CannonballRTG
CannonFodder|CannonFodder
CannonFodder|CannonFodderCD32
CannonFodder|CannonFodderDe
CannonFodder|CannonFodderFr
CannonFodder|CannonFodderIt
CannonFodder|CannonFodderNewCampaign
CannonFodder|CannonFodderPlus
CannonFodder2|CannonFodder2
CannonFodder2|CannonFodder2AlienLevels
CannonFodder2|CannonFodder2De
CannonFodder2|CannonFodder2Fr
CapitalPunishment|CapitalPunishmentAGA
CapitalPunishment|CapitalPunishmentAGACD
CaptainBlood|CaptainBlood
CaptainBlood|CaptainBloodNTSC
CarrierCommand|CarrierCommand
CarrierCommand|CarrierCommandNoMusic
CarVup|CarVup
CastleMaster|CastleMaster
CastleMaster2|CastleMaster2
Catchem|CatchEm
CaveMania|CaveMania
CaveStory|CaveStoryRTG
Cedric|Cedric
Cedric|CedricCD32
ChambersofShaolin|ChambersOfShaolin
ChaosEngine|ChaosEngine
ChaosEngine|ChaosEngineDemo
ChaosEngine2|ChaosEngine2
ChaosEngine2|ChaosEngine21MB
ChaosEngine2AGA|ChaosEngine2AGA
ChaosEngineAGA|ChaosEngineAGA
ChaosEngineAGA|ChaosEngineCD32
ChaseHQ|ChaseHQ
ChaseHQ2|ChaseHQ2
Chessmaster2000|Chessmaster2000
Chessmaster2100|Chessmaster2100NTSC
Chicago90|Chicago90
Chrome|Chrome
ChroniclesofOmega|ChroniclesOfOmega
ChronoQuest|ChronoQuest
ChronoQuest|ChronoQuestDe
ChronoQuest2|ChronoQuest2
ChubbyGristle|ChubbyGristle
ChuckieEgg|ChuckieEgg
ChuckieEgg2|ChuckieEgg2
ChuckRock|ChuckRock
ChuckRock|ChuckRockCD32
ChuckRock2|ChuckRock2
ChuckRock2|ChuckRock2CD32
ChuckYeagersAdvanced20|ChuckYeagersAFT2
Citadel(remonstered)|Citadel
Civilization|Civilization
Civilization|CivilizationCD
Civilization|CivilizationDe
CivilizationAGA|CivilizationAGA
CivilizationAGA|CivilizationAGACD
CivilizationAGA|CivilizationAGADe
CJintheUSA|CJInTheUSA
CJsElephantAntics|CJsElephantAntics
ClassicArcadia|Classic&BabyArcadia
ClikClak|ClikClak
Coala|Coala
CoalaAGA|CoalaAGA
Colditz|EscapeFromColditz
Colditz|FluchtAusColditzDe
Colonization|Colonization
ColonizationAGA|ColonizationAGA
CombatAirPatrol|CombatAirPatrol
ComboRacer|ComboRacer
Command&Conquer|Command&ConquerRTG
Command&Conquer2|Command&Conquer2RTG
Commando|Commando
CoolSpot|CoolSpot
CrazyCars|CrazyCars
CrazyCars2|CrazyCars2
CrazyCars3|CrazyCars3
CrazyCars3|CrazyCars3NoIntro
Creatures|Creatures
Croak|Croak
Croak2|Croak2
CruiseforaCorpse|CruiseForACorpse
CruiseforaCorpse|CruiseForACorpseDe
CruiseforaCorpse|CruiseForACorpseEs
CruiseforaCorpse|CruiseForACorpseIt
CrystalHammer|CrystalHammerV1
CrystalHammer|CrystalHammerV2
CrystalKingdomDizzy|CrystalKingdomDizzy
Cube|CubeRTG
Cube2|Cube2RTG
Cybercon3|Cybercon3
Cybernoid|Cybernoid
Cybernoid2|Cybernoid2
CyberPunks2|Cyberpunks
Cytron|Cytron
Cytron|CytronNTSC
DaleyThompsonsOlympicC|DaleyThompsonsOC1Disk
DaleyThompsonsOlympicC|DaleyThompsonsOC2Disk
Damage|Damage
Damage|DamagePreview
DanDare3|DanDare3
DangerFreak|DangerFreak
Darkman|Darkman
Darkmere|Darkmere
DarkSide|DarkSide
DarkSide|DarkSideNTSC
DeathRally|DeathRallyRTG
DeathTrap|DeathTrap
Deep|Deep
DeepCore|DeepCore
DeepSpace|DeepSpace
DefenderoftheCrown|DefenderOfTheCrown
DefenderoftheCrown|DefenderOfTheCrownCDTV
DefenderoftheCrown|DefenderOfTheCrownNTSC
DefenderoftheCrown2|DefenderOfTheCrown2CD32
Deflektor|Deflektor
DejaVu|DejaVuNTSC
DejaVu2|DejaVu2LostInLasVegas
Deliverance|Deliverance
Deliverance|Deliverance512k
DeluxeGalaga|DeluxeGalaga
DeluxeGalagaAGA|DeluxeGalagaAGA
DeluxePacMan|DeluxePacMan
DeluxePacManAGA|DeluxePacManAGA
Descent|DescentRTG
DesertStrike|DesertStrike
Deuteros|Deuteros
DGeneration|DGeneration
DGenerationAGA|DGenerationAGA
DGenerationAGA|DGenerationCD32
Diablo|DiabloRTG
DisposableHero|DisposableHero
DisposableHero|DisposableHeroCD32
DisposableHero|DisposableHeroFast
DonkSamuraiDuck|DonkTheSamuraiDuck
DonkSamuraiDuckAGA|DonkTheSamuraiDuckAGA
Doodlebug|Doodlebug
Doofus|Doofus
Doom2|Doom2RTG
DoubleAgent|DoubleAgent
DoubleDragon|DoubleDragon
DoubleDragon2|DoubleDragon2
DoubleDragon2|DoubleDragon2NTSC
DoubleDragon3|DoubleDragon3
DragonBreed|DragonBreed
DragonsLair|DragonsLair
DragonsLair2|DragonsLair2
DragonsLair3|DragonsLair3
DragonsLairEscape|DragonsLair&EscapeFast
DragonsLairEscape|DragonsLair&EscapeSlow
DragonsLairEscape|DragonsLairEscapeDemoNTSC
DragonsLairEscape|DragonsLairEscapeFast
DragonsLairEscape|DragonsLairEscapeSlow
Dragonstone|Dragonstone
Dragonstone(AGA)|DragonstoneCD32
DragonStrike|DragonStrikeNTSC
DreamWeb|DreamWeb
DreamWeb|DreamWebDe
DreamWebAGA|DreamWebAGA
DreamWebAGA|DreamWebAGADe
DukeNukem3D|DukeNukem3DRTG
Dune|Dune
Dune|DuneDe
Dune|DuneEs
Dune|DuneFr
Dune|DuneGr
Dune|DuneIt
Dune2|Dune2
Dune2|Dune2It
DungeonMaster|DungeonMaster
DungeonMaster2|DungeonMaster2AGA
DynaBlaster|DynaBlaster
Dynamo|Dynamo
EaglesRider|EaglesRider
Ebonstar|EbonstarNTSC
Elf(Ocean)|ElfOcean
Elf(Ocean)|ElfOceanNTSC
ElfMania|Elfmania
Eliminator|Eliminator
Elite20|Elite
EliteAdvanced|EliteAdvanced
EmeraldMine|EmeraldMine
EmeraldMine|emeraldminecd
EmeraldMine2|EmeraldMine2
EmeraldMine3|EmeraldMine3
EmlynHughesSoccer|EmlynHughesIntlSoccer
EMotion|EMotion
EmpireStrikesBack|EmpireStrikesBack
EnchantedLand|EnchantedLand
Encounter|Encounter
Enemy|EnemyTOVEasyPlay
Enemy|EnemyTOVEasyPlayDe
Enemy|EnemyTempestOfViolence
Enemy|EnemyTempestOfViolenceDe
Erik|Erik
EscapefromthePlanet|EscapeFTPOTRobotMonsters
Executioner|Executioner
Exhumed|ExhumedRTG
Exile|Exile
ExileAGA|ExileAGA
ExileAGA|ExileCD32
Exolon|Exolon
Extrial|Extrial
F15StrikeEagleII|F15StrikeEagle2
F17Challenge|F17Challenge
F18Interceptor|FA18Interceptor
F19StealthFighter|F19StealthFighter
F19StealthFighter|F19StealthFighterNTSC
F1GrandPrix|Formula1GrandPrix
F1GrandPrix|FormulaOneGrandPrix3Disk
F1GrandPrix|FormulaOneGrandPrix4Disk
F29Retaliator|F29Retaliator
Falcon|Falcon
Falcon|Falcon&MissionDisks
Falcon|Falcon&MissionDisksNTSC
Falcon|FalconCDTV
Falcon|FalconNTSC
FantasticDizzy|FantasticDizzy
FantasticDizzyAGA|FantasticDizzyAGA
FantasyFlayer|FantasyFlyer
FantasyFlayerAGA|FantasyFlyerAGA
Fascination|Fascination
Fascination|FascinationDe
Fascination|FascinationEs
Fascination|FascinationFr
Fascination|FascinationIt
Fears|FearsAGA
FernandezMustDie|FernandezMustDie
Feud|Feud
FightinSpirit|FightinSpirit
FightinSpiritAGA|FightinSpiritAGA
FightinSpiritAGA|FightinSpiritCD32
FinalFight|FinalFight
FinalFight|FinalFight512k
Fire&Brimstone|FireAndBrimstone
Fire&Forget|Fire&Forget
Fire&Forget2|Fire&Forget2
Fire&Ice|Fire&Ice
Fire&Ice|FireAndIce
Fire&Ice|FireAndIceCD32
Fire&IceXmasEdition|Fire&IceXmasDemo
Fireblaster|Fireblaster
FireForce|FireForce
FireForceAGA|FireForceCD32
FirstSamurai|FirstSamurai
FirstSamurai|FirstSamuraiA1200Version
Flashback|Flashback
Flashback|FlashbackCz
Flashback|FlashbackDe
Flashback|FlashbackFr
Flashback|FlashbackIt
Flashback|FlashbackLowMem
Flashback|FlashbackLowMemCz
Flashback|FlashbackLowMemDe
Flashback|FlashbackLowMemFr
Flashback|FlashbackLowMemIt
Flashback|FlashbackLowMemPl
Flashback|FlashbackPl
FlightoftheAmazonQueen|FlightOfTheAmazonQueen
FlightSimulator2|FlightSim2&Hawaiian
FlightSimulator2|FlightSim2&SceneryDisk07
FlightSimulator2|FlightSim2&SceneryDisk09
FlightSimulator2|FlightSim2&SceneryDisk11
FlightSimulator2|FlightSim2&SceneryDisk12
FlightSimulator2|FlightSim2&SceneryDisk13
FlightSimulator2|FlightSim2&SceneryDisk14
FlightSimulator2|FlightSimulator2
FlimbosQuest|FlimbosQuest
Flink|FlinkCD32
Flintstones|Flintstones
FlyHarder|FlyHarder
FlyHarder|FlyHarderCD32
FOFT|FederationOfFreeTraders
ForgottenMine|ForgottenMine
Formula13D|Formula13D
Frontier|Frontier
Frontier|FrontierCD32
Frontier|FrontierCz
Frontier|FrontierDe
Frontier|FrontierFr
FrostByte|FrostByte
FullContact|FullContact
FuryoftheFuries|FuryOfTheFurries
FuryoftheFuries|FuryOfTheFurriesCD32
FuryoftheFurries|FuryOfTheFurries
FuryoftheFurries|FuryOfTheFurriesCD32
Fusion|Fusion
FutureWars|FutureWars
FutureWars|FutureWarsDe
FutureWars|FutureWarsEs
FutureWars|FutureWarsIt
FutureWars|FutureWarsNTSC
Fuzzball|Fuzzball
Fuzzball|FuzzballNoIntro
Galaga92|Galaga92
GamesSummerEdition|GamesSummerEdition
GamesWinterEdition|GamesWinterEdition
Garfield|GarfieldBigFatHairyDeal
GarfieldsWinterTail|GarfieldAWintersTail
Gauntlet1ST|RunTheGauntlet
Gauntlet2|Gauntlet2
Gauntlet3|Gauntlet3
GeeBeeAirRally|GeeBeeAirRally
GemX|GemX
GeneticSpecies|GeneticSpeciesRTG
Ghostbusters2|Ghostbusters2
Ghostbusters2NTSC|Ghostbusters2NTSC
GhostsnGoblins|GhostsnGoblins
GhoulsnGhosts|GhoulsNGhosts
Giddy|WibbleWorldGiddy
Giganoid|Giganoid
Globdule|Globdule
Globdule|GlobduleNTSC
Globulus|Globulus
GLocR360|GLOCR360
Gloom|GloomAGA
Gloom|GloomCD32
Gloom|GloomDemoAGA
Gloom3|Gloom3RTG
GNius|GNius
Gobliiins|Gobliiins
Gobliins2|Gobliins2
Gobliins2|Gobliins2De
Gobliins2|Gobliins2Es
Gobliins2|Gobliins2Fr
Gobliins2|Gobliins2It
Goblins3|Goblins3
Gods|Gods
Gods|GodsDemo
Gods|GodsNTSC
GoldoftheAztecs|GoldOfTheAztecs
GoldoftheAztecs|GoldOfTheAztecs(v1.1)
GrandMonsterSlam|GrandMonsterSlam
GrandPrixCircuit|GrandPrixCircuit
GrandPrixCycles|Cycles
GravityForce|GravityForce
GravityForce2|GravityForce2
GreatCourts2|GreatCourts2
GreatCourts2|GreatCourts2512KB
GreatGianaSisters|GreatGianaSisters
GreatGianaSistersSE|GreatGianaSisters
GreenBeret|GreenBeret
Gunship|Gunship
Gunship2000|Gunship2000
Gunship2000AGA|Gunship2000AGA
Gunship2000AGA|Gunship2000CD32
GuySpy|GuySpy
GuySpy|GuySpyCDTV
Hacker|HackerNTSC
Hacker2|Hacker2
Hagar|HagarTheHorrible
Hagar|HagarTheHorribleDe
HardDrivin|HardDrivin
HardnHeavy|HardNHeavy
HarleyDavidson|HarleyDavidson
HATE|HATE
HeadoverHeels|HeadOverHeels
HeartofChina|HeartOfChina
HeartofChina|HeartOfChinaDe
HeartofDarkness|HeartofDarknessRTG
Heretic|HereticRTG
Hexen|HexenRTG
Hexen2|Hexen2RTG
HighwayPatrol2|HighwayPatrol2
HighwayPatrol2|HighwayPatrol2Fast
HiredGuns|HiredGuns1MB|
HiredGuns|HiredGuns512KB
HiredGuns|HiredGunsDemo1MB|
HiredGuns|HiredGunsDemo512KB|
HollywoodPokerPro|HollywoodPoker
HollywoodPokerPro|HollywoodPokerPro
Hostages|Hostages
HostileBreed|HostileBreed
HudsonHawk|HudsonHawk
Hugo|Hugo1Dk
Hugo|Hugo1Fi
Hugo|HugoDe
Hugo|HugoSe
Hugo2|Hugo2Dk
Hugo2|Hugo2Fi
Humans|Humans
Humans|HumansCD32
Humans|HumansDe
Humans|HumansFr
Humans2|Humans2
Humans2|Humans2De
Humans3|Humans3AGA
Hunter|Hunter
Hunter|HunterDe
Hunter|HunterFr
Hybris|HybrisNTSC
Hydra|Hydra
HydraCastle|HydraCastleRTG
IK+|IK+
IK+|IK+CD32
Ilyad|Ilyad
Immortal|Immortal
Impossamole|Impossamole
ImpossibleMission2|ImpossibleMission2
ImpossibleMission2025|ImpossibleMission2025
ImpossibleMission2025|ImpossibleMission2025AGA
IndianaJones2|IndianaJonesTempleOfDoom
IndianaJones3Adventure|IndianaJonesAtlantisAdv
IndianaJones3Adventure|IndianaJonesAtlantisAdvDe
IndianaJones3Adventure|IndianaJonesAtlantisAdvEs
IndianaJones3Adventure|IndianaJonesAtlantisAdvFr
IndianaJones3Adventure|IndianaJonesAtlantisAdvIt
IndianaJones3Arcade|IndianaJonesAtlantisAct
IndianaJones4Adventure|IndyLastCrusAdvDe
IndianaJones4Adventure|IndyLastCrusAdvDeCDTV
IndianaJones4Adventure|IndyLastCrusAdvEs
IndianaJones4Adventure|IndyLastCrusAdvFr
IndianaJones4Adventure|IndyLastCrusAdvIt
IndianaJones4Adventure|IndyLastCrusAdvNTSC
Indianapolis500|Indianapolis500
Indigo|IndigoFiles
Indigo|IndigoImage
IndoorSports|IndoorSports
IndyHeat|IndyHeat
Infestation|Infestation
InsectsinSpace|InsectsInSpace
InternationalKarateST|IK+
InternationalTruckRacing|InternationalTruckRacing
Interphase|Interphase
Interphase|InterphaseAmigaFormat
IntotheEaglesNest|IntoTheEaglesNest
Inviyya|InviyyaDemo
ISS|ISS
ItCamefromtheDesert|ItCameFromTheDesert
ItCamefromtheDesert|ItCameFromTheDesertEs
ItCamefromtheDesert|ItCameFromTheDesertGr
ItCamefromtheDesert|ItCameFromTheDesertIt
ItCamefromtheDesert2|ItCameFromTheDesert2
ItCamefromtheDesert2|ItCameFromTheDesert2It
Ivanhoe|Ivanhoe
JaguarXJ220|JaguarXJ220-fast
JaguarXJ220|JaguarXJ220Files
JaguarXJ220|JaguarXJ220FilesChip
JaguarXJ220|JaguarXJ220Image
JaguarXJ220|JaguarXJ220ImageChip
JamesPond|JamesPond
JamesPond2|JamesPond2
JamesPond2AGA|JamesPond2AGA
JamesPond2AGA|JamesPond2CD32
JamesPond3|JamesPond3AGA
JamesPond3|JamesPond3CD32
JamesPond3|JamesPond3CD32Fr
JazzJackRabbit|JazzJackRabbitRTG
Jet|Jet
Jet|Jet&HawaiianScenery
Jet|Jet&SceneryDisk07
Jet|Jet&SceneryDisk09
Jet|Jet&SceneryDisk11
Jet|Jet&SceneryDisk12
Jet|Jet&SceneryDisk13
Jet|Jet&SceneryDisk14
JetSetWillyII|JetSetWilly2
Jetsons|JetsonsTheComputerGame
JetStrike|Jetstrike
JetStrike|JetstrikeIntro
JetStrikeAGA|JetstrikeAGA
JetStrikeAGA|JetstrikeAGAIntro
JimmyWhitesSnooker|JimmyWhitesSnooker
JimPower|JimPower
Joe&Mac|Joe&MacCavemanNinja
Joe&Mac|Joe&MacCavemanNinjaFast
JoeBlade|JoeBlade
JoeBlade2|JoeBlade2
Jonathan|JonathanDe
Journey|Journey
JoustST|Jouster3
JumpandRoll|JumpNRoll
JumpingJackson|JumpingJackSon
JungleStrike|JungleStrike
JungleStrike|JungleStrikeAGA
JungleStrike|JungleStrikeCD32
JurassicPark|JurassicPark
JurassicParkAGA|JurassicParkAGA
K240|K2401MB
K240|K240512KB
Katakis|Katakis1Disk
Katakis|Katakis2Disk
KennedyApproach|KennedyApproach
KGB|KGB
KGB|KGBDe
KGB|KGBFr
KickOff|KickOff
KickOff|KickOff&ExtraTime1Disk
KickOff|KickOff&ExtraTime2Disk
KickOff2|KickOff2
KickOff2|KickOff2CV
KickOff2|KickOff2De
KickOff2|KickOff2Es
KickOff2|KickOff2FWDe
KickOff2|KickOff2FinalWhistle
KickOff2|KickOff2FinalWhistleCV
KickOff2|KickOff2FinalWhistleDe
KickOff2|KickOff2FinalWhistleFr
KickOff2|KickOff2Fr
KickOff2|KickOff2It
KickOff2|KickOff2PlusWC90
KickOff2|KickOff2PlusWC90De
KickOff2|KickOff2PlusWC90Fr
KickOff2|KickOff2PlusWC90It
KickOff2|KickOff2ReturnToEurope
KidChaos|KidChaos
KidChaos|KidChaosCD32
KidGloves|KidGloves
KidGloves2|KidGloves2
Kikstart|Kikstart
Kikstart2|Kikstart2
KikstartII|Kikstart2
KillingCloud|KillingCloud
KillingCloud|KillingCloudNTSC
KillingGameShow|KillingGameShow
KingofChicago|KingOfChicago
Kingpin|Kingpin
Kingpin|Kingpin1Mb
Kingpin|KingpinCD32
Kingpin|KingpinDemo
KirosQuest|KirosQuest
Klax|Klax
Knightmare|Knightmare
Knightmare|KnightmareKonami
KnightsofChristallion|KnightsOfCrystallionDe
KnightsofChristallion|KnightsOfTheCrystallion
KoboDeluxe|KoboDeluxeRTG
Koules|KoulesRTG
Kristal|Kristal
Kristal|KristalDe
Kristal|KristalNTSC
LamborghiniAmericanC|LamborghiniAmericanChllng
LastNinja2|LastNinja2
LastNinja3|LastNinja3
LastNinja3|LastNinja3CD32
LeaderboardGolf|LeaderBoard
LeaderboardGolfArcadia|LeaderBoardArcadia
LeaderboardGolfTournament|LeaderBoardTD1
LeadingLap|LeadingLapMPV
LeadingLap|LeadingLapMPVCUAmiga
LeadingLapAGA|LeadingLapMPVAGA
LeadingLapAGA|LeadingLapMPVAGACUAmiga
Leander|Leander
Leander|LeanderNTSC
Leatherneck|Leatherneck
LeavinTeramis|LeavinTeramis
Legend|LegendMindscape
LegendsofValour|LegendsOfValour
LegendsofValour|LegendsOfValourDe
LegendsofValour|LegendsOfValourFr
LeisureSuitLarry|LeisureSuitLarry
LeisureSuitLarryEnhanced|LeisureSuitLarryEnhanced
LeisureSuitLarryEnhanced|LeisureSuitLarryEnhndMT32
Lemmings|LemmingsAltFiles
Lemmings|LemmingsAltImage
Lemmings|LemmingsCDTV
Lemmings|LemmingsDemo
Lemmings|LemmingsFiles
Lemmings|LemmingsFilesNTSC
Lemmings|LemmingsImage
Lemmings|LemmingsImageNTSC
Lemmings2|Lemmings21MB
Lemmings2|Lemmings21MBNTSC
Lemmings2|Lemmings2512KB
Lemmings2|Lemmings2512KBNTSC
Lemmings2|Lemmings2Demo
LemmingsAllNewWorld|AllNewWorldOfLemmingsAGA
LemmingsHoliday93|LemmingsHoliday1993
LemmingsHoliday93|LemmingsHolidayDemo
LemmingsHoliday94|LemmingsHoliday1994
LemmingsMore!|OhNoMoreLemmings
LemmingsMore!|OhNoMoreLemmingsNTSC
LemmingsNewYear92|LemmingsNewYear9192
LemmingsXmas91|LemmingsXmasDemo1991
LemmingsXmas92|LemmingsXmasDemo1992
LethalAccess|LethalXcess
Leviathan|Leviathan
LicencetoKill|LicenceToKill
Links|Links
Links|Links&DataDisks
Links|Links&DataDisksNTSC
Lionheart|Lionheart
Lionheart|LionheartDemo
Lionheart|LionheartDemo1MB
LionKing|LionKingAGA
LiquidKids|LiquidKidsFiles
LiquidKids|LiquidKidsImage
LittleComputerPeople|LittleComputerPeople
LittleComputerPeople|LittleComputerPeopleNTSC
LiveandLetDie|LiveAndLetDie
LivingstoneII|Livingstone2
LombardRACRally|LombardRACRally1Disk
LombardRACRally|LombardRACRally1DiskDe
LombardRACRally|LombardRACRally2Disk
LombardRACRally|LombardRACRally2DiskDe
LordsoftheRisingSun|LordsOfTheRisingSun
LordsoftheRisingSun|LordsOfTheRisingSunNTSC
LostDutchmanMine|LostDutchmanMine
LostPatrol|LostPatrol
LostPatrol|LostPatrolNTSC
LostVikings|LostVikings
LostVikings|LostVikingsCD32
LostVikings|LostVikingsDe
LostVikings|LostVikingsDemo
LostVikings|LostVikingsDemoFr
LostVikings|LostVikingsFr
Lotus|Lotus
Lotus|LotusCD32
Lotus2|Lotus2
Lotus2|Lotus2CD32
Lotus3|Lotus3
LureoftheTemptress|LureOfTheTemptress
LureoftheTemptress|LureOfTheTemptressDe
LureoftheTemptress|LureOfTheTemptressFr
LureoftheTemptress|LureOfTheTemptressIt
MagicalLines|MagicLines
MagicBoy|MagicBoy
Magnatron|Magnatron
MajorMotion|MajorMotion
ManiacMansion|ManiacMansion
ManiacMansion|ManiacMansionDe
ManiacMansion|ManiacMansionEs
ManiacMansion|ManiacMansionFr
ManiacMansion|ManiacMansionIt
ManicMiner|ManicMiner
ManicMiner2|ManicMiner
Manix|Manix
MarbleMadness|MarbleMadness
MarvinsMAdventure|MarvinsMarvellousAdvAGA
MarvinsMAdventure|MarvinsMarvellousAdvCD32
MaupitiIsland|MaupitiIsland
MaupitiIsland|MaupitiIslandDe
MaupitiIsland|MaupitiIslandEs
MaupitiIsland|MaupitiIslandFr
Maya|Maya
Maya|MayaEs
Maya|MayaFast
Maya|MayaFastEs
Maya|MayaFastFr
Maya|MayaFr
MazeOfGalious|MazeOfGaliousRTG
MegaBall|MegaBall
MegaBall|MegaBall1MB
MegaBall|MegaBallAGA
MegaLoMania|MegaLoMania
MegaLoMania|MegaLoManiaDe
MegaLoMania|MegaLoManiaFr
MegaPhoenix|MegaPhoenix
Menace|Menace
MERCS|Mercs
MetalGear|MetalGear
MetroCrossST|MetroCross
MiamiChase|MiamiChase
MickeyMouse|MickeyMouseComputerGame
MicroMachines|MicroMachines
MidnightResistance|MidnightResistance
Midwinter|Midwinter
Midwinter|MidwinterDe
Midwinter|MidwinterFr
Midwinter2|Midwinter2
Midwinter2|Midwinter2De
Midwinter2|Midwinter2Fr
MiG29Fulcrum|MiG29Fulcrum
Mig29MSuperFulcrum|MiG29MSuperFulcrum
MightyBombJack|MightyBombjack
Millenium22|MilleniumNTSC
Millenium22|Millennium22
MiniGolf|MiniGolf
MiniGolf|MiniGolfPlus
MiniSlug|MiniSlugRTG
Minskies|Minskies
MinskiesAGA|MinskiesAGA
MissilesoverXerion|MissilesOverXerion
MissionElevator|MissionElevator
MoebiusGoatlizard|MoebiusNTSC
MonkeyIsland|SecretOfMonkeyIsland
MonkeyIsland|SecretOfMonkeyIslandDe
MonkeyIsland|SecretOfMonkeyIslandEs
MonkeyIsland|SecretOfMonkeyIslandFr
MonkeyIsland|SecretOfMonkeyIslandIt
MonkeyIsland1|SecretOfMonkeyIsland
MonkeyIsland1|SecretOfMonkeyIslandDe
MonkeyIsland1|SecretOfMonkeyIslandEs
MonkeyIsland1|SecretOfMonkeyIslandFr
MonkeyIsland1|SecretOfMonkeyIslandIt
MonkeyIsland2|MonkeyIsland2
MonkeyIsland2|MonkeyIsland2De
MonkeyIsland2|MonkeyIsland2Es
MonkeyIsland2|MonkeyIsland2Fr
MonkeyIsland2|MonkeyIsland2It
MontyPythonsFlyingC|MontyPythonsFlyCir
MontyPythonsFlyingC|MontyPythonsFlyCirNTSC
MoonshineRacers|MoonShineRacers
Morph|Morph
MorphAGA|MorphAGA
MorphAGA|MorphCD32
MortalKombat|MortalKombat
MortalKombat|MortalKombatCensored
MortalKombat1|MortalKombat
MortalKombat1|MortalKombatCensored
MortalKombat2|MortalKombat21MB
MortalKombat2|MortalKombat22MB
MortvilleManor|MortvilleManor
MotorbikeMadness|MotorbikeMadness
MrNutz|MrNutz
MUDS|MUDS
Munsters|Munsters
Murder|Murder
Mystical|Mystical
Myth|MythSystem3
Myth|MythSystem3CD32
NaughtyOnes|NaughtyOnes
NaughtyOnesAGA|NaughtyOnesAGA
NaughtyOnesAGA|NaughtyOnesCD32
NavyMoves|NavyMoves
NavySeals|NavySeals
Nebulous|Nebulus
Nebulous2|Nebulus2
NemacIVDirectorsCut|NemacIVDirectorsCutRTG
Neuromancer|Neuromancer
NeverendingStory2|NeverEndingStory2
NewZelandStory|NewZealandStory
NewZelandStory|NewZealandStoryDemo
NigelMansellGP|NigelMansellsGrandPrix
NigelMansellWC|NigelMansellsWrldChmp
NigelMansellWCAGA|NigelMansellsWrldChmpAGA
NigelMansellWCAGA|NigelMansellsWrldChmpCD32
NightBreed|NightbreedAction
NightBreed|NightbreedMovie
Nightlong|NightlongRTG
NightShift|Nightshift
NinjaMission|NinjaMission
NinjaMission|NinjaMissionArcadia
NipponSafesInc|NipponSafesInc
Nitro|Nitro
Nitro|NitroNTSC
NoBuddiesLand|NoBuddiesLand
NoExcuses|NoExcuses
North&South|NorthAndSouth
North&South|NorthAndSouthFiles
North&South|NorthAndSouthFilesNTSC
North&South|NorthAndSouthImage
North&South|NorthAndSouthImageNTSC
NorthSeaInferno|NorthSeaInferno
NoSecondPrize|NoSecondPrize
Nova9|Nova9
NuclearWar|NuclearWarNTSC
NuxeliaDemo|NuxeliaDemo
Oath|Oath
Obitus|Obitus
Obliterator|Obliterator
Odyssey|Odyssey
OffshoreWarror|OffShoreWarrior
OilImperium|OilImperium
OilImperium|OilImperiumDe
OneStepBeyond|OneStepBeyond
OoopsUp!|OoopsUp
Ooze|Ooze
Ooze|OozeDe
OpenBORGames|OpenBORGamesRTG
OpenTyrian|OpenTyrianRTG
OperationStealth|OperationStealth
OperationStealth|OperationStealthDe
OperationStealth|OperationStealthEs
OperationStealth|OperationStealthFr
OperationStealth|OperationStealthIt
OperationThunderbolt|OperationThunderBolt
OperationWolf|OperationWolf
Ork|Ork
Ork|OrkDemo
Ork|OrkNTSC
OrkAttacktheReturn|OrkAttackTheReturn
Oscar|Oscar
OscarAGA|OscarAGA
OscarAGA|OscarCD32
Oswald|OswaldDk
Oswald|OswaldNTSC
OutRun|OutRun
OutRun|OutRunNTSC
OutRunEuropa|OutRunEuropa
OuttoLunch|PierreIsOutToLunchAGA
OuttoLunch|PierreIsOutToLunchCD32
Overdrive|OverdriveTeam17
Overkill|OverkillAGA
Overlander|Overlander
P47Thunderbolt|P47Thunderbolt
PacLand|PacLand
PacMan|Pacman87
PacMania|PacMania
Pandora|Pandora
Pang|Pang
PanzaKickBoxing|PanzaKickBoxing
PanzaKickBoxing|PanzaKickBoxingFr
Paperboy|Paperboy
Paperboy2|Paperboy2
Paradroid|Paradroid
Paradroid|Paradroid901MB
Paradroid|Paradroid90512KB
Paradroid90|Paradroid
Paradroid90|Paradroid901MB
Paradroid90|Paradroid90512KB
ParasolStars|ParasolStars
Pawn|Pawn
Perihelion|Perihelion
PersianGulfInferno|PersianGulfInferno
PinballDreams|PinballDreams
PinballDreams|PinballDreamsNTSC
PinballFantaies|PinballFntsies
PinballFantaiesAGA|PinballFntsiesAGA
PinballFantaiesAGA|PinballFntsiesAGAChip
PinballFantaiesAGA|PinballFntsiesAGANTSC
PinballFantaiesAGA|PinballFntsiesAGANTSCChip
PinballFantaiesAGA|PinballFntsiesCD32
PinballFantaiesAGA|PinballFntsiesCD32Chip
PinballIllusions|PinballIllusionsAGA
PinballIllusions|PinballIllusionsAGADemo
PinballIllusions|PinballIllusionsCD32
PinballWizard|PinballWizard
PinballWizard|PinballWizardPrerelease
Pinkie|Pinkie
PinkPanther|PinkPanther
Pirates!|Pirates
Pirates!Gold|PiratesGoldCD32
Plague|Plague
Platoon|PlatoonNTSC
Plotting|Plotting
Popeye2|Popeye2
Populous|Populous
Populous|Populous&DataDisks
Populous2|Populous2
Populous2|Populous2&ChallengeGames
PortsofCall|PortsOfCall
PortsofCall|PortsOfCallDe
PortsofCall|PortsOfCallFr
Powerdrift|PowerDrift
Powerdrome|Powerdrome
Powermonger|Powermonger
Powermonger|PowermongerWW1Edition
PPHammer|PPHammer
Predator|Predator
Predator2|Predator2
Prehistorik|Prehistorik
Prehistorik|PrehistorikCDTV
Premiere|Premiere
Premiere|PremiereCD32
PrimeMover|PrimeMover
PrinceofPersia|PrinceDePerseFr
PrinceofPersia|PrinceOfPersia
PrinceofPersia|PrinceOfPersiaDe
PrinceofPersia|PrinceOfPersiaNTSC
ProjectX|ProjectX
ProjectX|ProjectXv2
ProjectXBonusLevel|ProjectXBonusLevel
ProjectXSE|ProjectXSE
ProjectXSE|ProjectXSECD32
Projectyle|Projectyle
PuffysSaga|PuffysSaga
Puggsy|Puggsy
PushOver|PushOver
Putty|Putty
PuttySquad|PuttySquadAGA
PuttySquad|PuttySquadDemoAGA
Puzznic|Puzznic
QBic|QBic
Qix|QixNTSC
Quake|QuakeRTG
Quake2|Quake2RTG
Quake3Arena|Quake3ArenaRTG
Quartz|Quartz
Quik&Silva|AdventuresOfQuik&Silva
QuikThunderRabbit|QuikThunderRabbit
QuikThunderRabbitAGA|QuikThunderRabbitAGA
QuikThunderRabbitAGA|QuikThunderRabbitCD32
Qwak|Qwak
Qwak|QwakCD32
Raffles|Raffles
Raffles|RafflesCDTV
Raider|Raider
RailroadTycoon|RailroadTycoon
RailroadTycoon|RailroadTycoonDe
RailroadTycoon|RailroadTycoonFr
RainbowIslands|RainbowIslands
RallyCross|RallyCrossChallenge
Rambo3|Rambo3
RamboIII|Rambo3
Rampage|Rampage
RatTrap|RatTrap
RCross|RCrossRTG
RealGhostbusters|RealGhostbusters
RealPopeye|RealPopeye
RedAlert|RedAlertRTG
RedBaron|RedBaron
RedBaron|RedBaronDe
RedStormRising|RedStormRising
Reflexity|Reflexity
Renaissance|Renaissance
Renegade|Renegade
Renegade3|Renegade3
Resolution101|Resolution101
ReturnoftheJedi|ReturnOfTheJedi
ReturntoGeneris|ReturnToGenesis
RickDangerous|RickDangerous
RickDangerous2|RickDangerous2
RickDangerous25|RickDangerous25
RickDangerousAGA|RickDangerous
RiseoftheDragon|RiseOfTheDragon
RiseoftheDragon|RiseOfTheDragonDe
RiseoftheRobots|RiseOfTheRobots
RiseoftheRobotsAGA|RiseOfTheRobotsAGA
RiseoftheRobotsAGA|RiseOfTheRobotsCD32
RiseOfTheTriad|RiseOfTheTriadRTG
Risk|Risk
RiskyWoods|RiskyWoods
RoadBlasters|RoadBlasters
Roadkill|RoadkillAGA
Roadkill|RoadkillCD32
Roadkill|RoadkillCD32NoIntro
RoadRash|RoadRash
RoadWars|RoadWars
RobinsonsRequiem|RobinsonsRequiem
RobinsonsRequiemAGA|RobinsonsRequiem
Robocop1|RoboCop
Robocop2|RoboCop2
Robocop3|RoboCop3
Robocop3|RoboCop3NTSC
RocketRanger|RocketRanger
RocketRanger|RocketRangerCensored
RocketRanger|RocketRangerNTSC
RocknRoll|RockNRoll
RockstarAteMyHamster|RockStarAteMyHamster
RodLand|RodLand
RogueTrooper|RogueTrooper
RollerCoasterRumbler|RollerCoasterRumbler
RollingRonny|RollingRonny
Rotor|Rotor
Rotox|Rotox
RType|RType
RType2|RType2
Rubicon|Rubicon
Ruffian|Ruffian
RuffnTumble|RuffNTumble
RuffnTumble|RuffNTumble512k
RuntheGauntlet|RunTheGauntlet
RushHour|Rushhour
RVFHonda|RVFHonda
Rygar|RygarAGA
Rygar|RygarAGAChip
SantasXmasCaper|SantasXmasCaper
Savage|Savage
Scooby&ScrappyDoo|ScoobyDoo&ScrappyDoo
Scramble|ScrambleSpirits
SDI|SDICinemawareNTSC
SecondSamurai|SecondSamurai
SecondSamuraiAGA|SecondSamuraiAGA
SecretOfMonkeyIsland|SecretOfMonkeyIsland
SecretOfMonkeyIsland|SecretOfMonkeyIslandDe
SecretOfMonkeyIsland|SecretOfMonkeyIslandEs
SecretOfMonkeyIsland|SecretOfMonkeyIslandFr
SecretOfMonkeyIsland|SecretOfMonkeyIslandIt
Seek&Destroy|Seek&Destroy
Seek&DestroyAGA|Seek&DestroyAGA
SensibleGolf|SensibleGolf
SensibleSoccer|SensibleSoccer1MB
SensibleSoccer|SensibleSoccer512KB
Sentinel|Sentinel
Settlers|Settlers
Settlers|SettlersFr
Settlers|SettlersLowMemFr
SevenGatesofJambala|SevenGatesOfJambalaFiles
SevenGatesofJambala|SevenGatesOfJambalaImage
ShadowFighter|ShadowFighter
ShadowFighterAGA|ShadowFighterAGA
ShadowFighterAGA|ShadowFighterCD32
Shadowgate|Shadowgate
ShadowOfThe3rdMoon|ShadowOfThe3rdMoonRTG
ShadowOfTheBeast|ShadowOfTheBeast
ShadowOfTheBeast|ShadowOfTheBeastDemo
ShadowoftheBeast2|ShadowOfTheBeast2
ShadowoftheBeast2|ShadowOfTheBeast2Demo
ShadowoftheBeast2|ShadowOfTheBeast2NTSC
ShadowoftheBeast3|ShadowOfTheBeast3
ShadowoftheBeast3|ShadowOfTheBeast3NTSC
ShadowWarrior|ShadowWarriors
ShermanM4|ShermanM4
ShufflepuckCafe|ShufflepuckCafe
ShufflepuckCafe|ShufflepuckCafeFr
SilentService|SilentService
SilentServiceII|SilentService2NTSC
Silkworm|Silkworm
Simcity|SimCity
Simcity|SimCity512KB
Simcity|SimCityCDTV
Simcity|SimCityNTSC
Simcity2000|Simcity2000RTG
SimontheSorcerer|SimonTheSorcerer
SimontheSorcerer|SimonTheSorcererDe
SimontheSorcerer|SimonTheSorcererFr
SimontheSorcerer|SimonTheSorcererIt
SimontheSorcerer2|SimontheSorcerer
SimontheSorcererAGA|SimonTheSorcererAGA
SimontheSorcererAGA|SimonTheSorcererAGADe
SimontheSorcererAGA|SimonTheSorcererAGAFr
SimontheSorcererAGA|SimonTheSorcererAGAIt
SimpsonsBartvsSpace|BartVsSpaceMutants1Disk
SimpsonsBartvsSpace|BartVsSpaceMutants2Disk
Simulcra|Simulcra
Sinbad|SinbadNTSC
SinbadST|SinbadNTSC
SinkorSwim|SinkOrSwim1MB
SinkorSwim|SinkOrSwim512KB
SkeletonKrew|SkeletonKrewAGA
SkeletonKrew|SkeletonKrewCD32
Skidmarks|Skidmarks
Skidmarks2|Skidmarks
Skidmarks2AGA|SkidmarksAGA
SkidmarksAGA|SkidmarksAGA
SkiorDie|SkiOrDie
SkyChase|SkyChase
SkyChase|SkyChaseFast
Skyfox|SkyfoxNTSC
Skyfox2|Skyfox2
SlamTilt|SlamTiltAGA
SlamTilt|SlamTiltAGA2MB
SlamTilt|SlamTiltDemoAGA
Sleepwalker|Sleepwalker
Sleepwalker|SleepwalkerComicRelief
SleepwalkerAGA|SleepwalkerAGA
SleepwalkerAGA|SleepwalkerAGAComicRelief
SmartyandNastyGlutons|SmartyAndTheNastyGluttons
SmashTV|SmashTV
Snoopy|Snoopy&Peanuts
Snoopy|Snoopy&PeanutsNoSounds
SnowBros|SnowBros
SnowBros|SnowBrosFiles
SnowBros|SnowBrosImage
SoccerKid|SoccerKid
SoccerKid|SoccerKid1MbChip
SoccerKidAGA|SoccerKidAGA
SoccerKidAGA|SoccerKidCD32
SolidGold|SolidGold
SolomonsKeyST|SolomonsKey2
SonicVamped|SonicVampedRTG
SonicVamped2|SonicVamped2RTG
SonShuShi|SonShuShi
Sooty&Sweep|Sooty&Sweep
SpaceAce|SpaceAce
SpaceAce|SpaceAceDemo
SpaceAce2|SpaceAce2
SpaceCutter|SpacecutterNTSC
SpaceGun|SpaceGun
SpaceHarrier|SpaceHarrier
SpaceHarrier|SpaceHarrierNTSC
SpaceHarrier2|SpaceHarrier2
SpaceHarrierRFC|SpaceHarrierRFC
SpearOfDestiny|SpearOfDestinyRTG
Speedball|Speedball
Speedball|SpeedballNTSC
Speedball2|Speedball2
Speedball2|Speedball2CD32
Speedball2|Speedball2NTSC
Spellbound|SpellBound
SphericalWorlds|SphericalWorlds
SphericalWorlds|SphericalWorldsCD
SpindizzyWorlds|SpindizzyWorlds
SpittingImage|SpittingImage
SpyvsSpy|SpyVsSpy
SpyvsSpy2|SpyVsSpy2TheIslandCaper
SpyvsSpy3|SpyVsSpy3ArcticAntics
SpyWhoLovedMe|SpyWhoLovedMe
Sqrxz|Sqrxz
Sqrxz2|Sqrxz
Stardust|Stardust
Starglider|Starglider
Starglider2|Starglider2
StarGoose|StarGoose
StarquakeST|Starquake
Starray|StarRay
StarTrash|StarTrash
StarWars|StarWars
Steel|Steel
StegtheSlug|StegTheSlug
Stellar7|Stellar7De
Stellar7|Stellar7NTSC
Stormlord|Stormlord
Stormlord|StormlordNTSC
Stormlord|StormlordPrerelease
StreetRacer|StreetRacerAGACD
StreetRacerAGA|StreetRacerAGACD
StreetRod|StreetRod
StreetRod2|StreetRod2
Strider|Strider
Strider2|Strider2
Strife|StrifeRTG
StrikeForceHarrier|StrikeForceHarrier
StuntCarRacer|StuntCarRacer
StuntCarRacerTNT|StuntCarRacerTNT
Subwar2050|Subwar2050AGA
Subwar2050|Subwar2050CD32
SummerGames|SummerGames
SummerGames|SummerGames&SummerGames2
SummerGames|SummerGames2
Supaplex|Supaplex
SuperCars|SuperCars1Disk
SuperCars2|SuperCars2
SuperCars2|SuperCars2Disk
SuperCars2AGA|SuperCars2
SuperCauldron|SuperCauldron
SuperFrog|Superfrog
SuperFrog|SuperfrogCD32
SuperFrog|SuperfrogDemoAmigaAction
SuperFrog|SuperfrogDemoCUAmiga
SuperFrog|SuperfrogDemoTheOne
SuperFrog|SuperfrogIntro
SuperFrog|SuperfrogIntroCD32
SuperHangOn|SuperHangOn
SuperOswald|SuperOswaldDk
SuperSpaceInvaders|SuperSpaceInvaders
SuperSpaceInvaders|SuperSpaceInvadersNTSC
SuperStardust|SuperStardustAGA
SuperTwintris|SuperTwintris
Supremacy|Supremacy
Switchblade|Switchblade
Switchblade2|Switchblade2
SwitchbladeII|Switchblade2
SWIV|SWIV
SwordofSodan|SwordOfSodan
SWOS|SWOS2223
SWOS|SWOSDe
Syndicate|Syndicate
Syndicate|SyndicateCD32
Syndicate|SyndicateDe
SyndicateHires|SyndicateHiresRTG
TeamSuzuki|TeamSuzuki
Tech|Tech
TechnoCop|Technocop
Technology2Slot|Technology2
TennisCup|TennisCup1Mb
TennisCup|TennisCup1MbFr
TennisCup|TennisCup512Kb
TennisCup|TennisCup512KbFr
TennisCup2|TennisCup2
Terminator2|Terminator2JudgmentDay
Terminator2ArcadeGame|Terminator2Arcade
Terramex|Terramex
TerrysBigAdventure|TerrysBigAdventure
TestDrive|TestDrive
TestDrive2|TestDrive2
TestDrive2|TestDrive2&DataDisks
TestDriveII|TestDrive2
TestDriveII|TestDrive2&DataDisks
Tetris|TetrisInfogrames
TetrisPro|TetrisPro
TetrisPro15|TetrisPro
TFX|TFXAGA
TheirFinestHour|TheirFinestHour
TheirFinestHour|TheirFinestHour&Missions
ThreeStooges|ThreeStoogesNTSC
Thunderbirds|Thunderbirds
Thunderblade|ThunderBlade
Thunderblade|ThunderBladeNTSC
Thunderhawk|ThunderHawkAH73M
Thunderhawk|ThunderHawkAH73MDe
Thunderhawk|ThunderHawkAH73MFr
Thunderhawk|ThunderHawkDe
Thunderhawk|ThunderHawkFr
TimeBandit|TimeBandit
TinTinontheMoon|TintinOnTheMoonFiles
TinTinontheMoon|TintinOnTheMoonImage
TinToyAdventure|TinToyAdventureAGA
TinyBobble|TinyBobble
TinyGalaga|TinyGalaga
TinyInvaders|TinyInvaders
TitustheFox|TitusTheFox
Toki|Toki
Tom&Jerry|Tom&Jerry
Tony(demo)|Tony&FriendsDe
Toobin|Toobin
TopCat|TopCat
TopGear2|TopGear2
TopGear2AGA|TopGear2AGA
TopGear2AGA|TopGear2CD32
Tornado|Tornado
TornadoAGA|TornadoAGA
TowerofBabel|TowerOfBabel
Toyottes|ToyottesFiles
Toyottes|ToyottesImage
TRacer|TRacer
Transarctica|Transarctica
TransarcticaAGA|TransarcticaAGA
Trapped2|Trapped2RTG
Trapped3|Trapped3RTG
TrapsnTreasures|TrapsNTreasures
TrapsnTreasures|TrapsNTreasuresDe
TreasureTrap|TreasureTrap
Troddlers|Troddlers
Trolls|Trolls
TrollsAGA|TrollsAGA
TrollsAGA|TrollsCD32
TubularWorlds|TubularWorlds1MB
TubularWorlds|TubularWorlds512KB
TubularWorlds|TubularWorldsAGA
TurboOutRun|TurboOutRun
TurboSprint|Turbo
TurboTrax|TurboTraxArcane1MB
TurboTrax|TurboTraxArcane512KB
Turrican|Turrican
Turrican|TurricanCDTV
Turrican|TurricanDemo
Turrican|TurricanNTSC
Turrican2|Turrican2
Turrican2|Turrican2CDTV
Turrican2|Turrican2Demo
Turrican2AGA120|Turrican2AGA
Turrican3|Turrican3
Turrican3|Turrican3Demo
Tusker|Tusker
TuxPuck|TuxPuckRTG
TVSportsBasball|TVSportsBaseball
TVSportsBasketball|TVSportsBasketball
TVSportsBoxing|TVSportsBoxing
TVSportsFootball|TVSportsFootball
Twintris|Twintris
TwinWorld|TwinWorld
TyphoonThompson|TyphoonThompson512kNTSC
TyphoonThompson|TyphoonThompsonNTSC
TZer0|TZer0DemoAGA
TZer0|TZer0DemoNoMovieAGA
UFO|UFOEnemyUnknown
UFOAGA|UFOEnemyUnknownAGA
UFOAGA|UFOEnemyUnknownCD32
Ugh!|Ugh
UnderPressure|UnderPressure
Uninvited|Uninvited
UniversalMonsters|UniversalMonsters
Universe|Universe
Universe|Universe3NTSC
Universe|UniverseCD32
Unreal|Unreal
Unreal|UnrealNTSC
Uridium2|Uridium21MB
Uridium2|Uridium22MB
Utopia|Utopia
Utopia|Utopia&NewWorlds
Vaxine|Vaxine
Venus|VenusTheFlytrap
Venus|VenusTheFlytrapNoIntro
Veteran|Veteran
Vindicators|Vindicators
Virocop|Virocop
VirocopAGA|VirocopAGA
VirtualKarting|VirtualKartingAGA
VirtualKarting|VirtualKartingDemoAGA
VirtualKarting2|VirtualKarting2AGA
VirtualKarting2|VirtualKarting2AGACD
VirtualKarting2|VirtualKarting2DemoAGA
Virus|Virus
Vixen|Vixen
Volfied|Volfied
VoodooNightmare|VoodooNightmare
Voyager|Voyager
Vroom|Vroom
VroomMultiplayer|VroomMultiPlayer
Walker|WalkerCrunched
Walker|WalkerCrunchedNoSpeech
Walker|WalkerDecrunched
Walker|WalkerDecrunchedNoSpeech
Wanted|Wanted
Warhead|Warhead
WarlocktheAvenger|WarlockTheAvenger
Warp|Warp
WarZone|WarZoneCoreDesign
WarZone|WarZoneParadox
WatchTower|WatchtowerAGA
WeirdDreams|WeirdDreams
WesternGames|WesternGames
WhereTimeStoodStill|WhereTimeStoodStill
Whizz|Whizz
WhizzAGA|WhizzAGA
WhoFramedRogerRabbit|WhoFramedRogerRabbit
WildFlying(demo)|WildFlying(demo)RTG
WingCommander|WingCommander
WingCommander|WingCommanderCD32
WingCommander|WingCommanderDe
WingCommanderAGA|WingCommander
WingCommanderAGA|WingCommanderCD32
WingCommanderAGA|WingCommanderDe
Wings|Wings
WingsofDeath|WingsOfDeath
WingsofFury|WingsOfFury
WingsofFury|WingsOfFuryFast
WinningPostSlot|WinningPost
WinterGames|WinterGames
WinterOlympics|WinterOlympics
WinterSupersports92|WinterSupersports92
Wizball|Wizball
Wizkid|Wizkid
Wonderboy|WonderboyInMonsterland
WonderboyinMonsterland|WonderboyinMonsterland
WonderDog|WonderDog
WoodysWorld|WoodysWorld
WorldClassLeaderboard|LeaderBoard
WorldClassLeaderboard|LeaderBoardArcadia
WorldClassLeaderboard|LeaderBoardTD1
WorldDarts|WorldDarts
WorldDarts|WorldDartsArcadia
WorldGames|WorldGamesNTSC
Worms|Worms1MB
Worms|Worms2MB
Worms|WormsCD321MB
Worms|WormsCD322MB
WormsDC|WormsDCAGA
WormsDC|WormsDCAGA12MB
WormsDC|WormsDCAGA8MB
WrathoftheDemon|WrathOfTheDemon
WrathoftheDemon|WrathOfTheDemonCDTV
Wreckers|Wreckers
Xenon|Xenon
Xenon|XenonArcadia
Xenon2|Xenon21Disk
Xenon2|Xenon22Disk
Xenon2|Xenon2CDTV
Xenon2|Xenon2Demo
Xenon2|Xenon2NTSC
XIt|XIt
XOut|XOut1Disk
XOut|XOut2Disk
XP8|XP8
XP8AGA|XP8AGA
XTremeRacing|XTremeRacing&DataDisksAGA
XTremeRacing|XTremeRacingAGA
XTremeRacingUltimate|UltimateXTremeRacingCD
YoJoe|YoJoe
YoJoe|YoJoeDemo
ZakMcKracken|ZakMcKracken
ZakMcKracken|ZakMcKrackenDe
ZakMcKracken|ZakMcKrackenFr
ZakMcKracken|ZakMcKrackenIt
ZanyGolf|ZanyGolfNTSC
Zarathrusta|Zarathrusta
Zaxxon|Zaxxon1MB
Zaxxon|Zaxxon512KB
Zeewolf|Zeewolf
Zeewolf2|Zeewolf2
ZeroGravity|ZeroGravity
Ziriax|Ziriax
Zombi|Zombi
Zombi|ZombiDe
Zombi|ZombiFr
Zool|Zool
Zool2|Zool2
Zool2AGA|Zool2AGA
ZoolAGA|ZoolAGA
ZoolAGA|ZoolCD32
ZoolAGA|ZoolCD32NTSC
Zoom|Zoom
ZOut|ZOut
